ID,TITLE,DESCRIPTION,PUBLISHED_AT,CATEGORY_ID,DURATION,CAPTION,LIKE_COUNT,COMMENT_COUNT,VIEW_COUNT
j056PyJcWZA,It‚Äôs Okay Now Or Whatever,,2025-10-09T00:04:10Z,24,PT30S,false,2253,87,104426
GE1hRKeQQDE,$100(000) To Promote Propaganda,,2025-07-27T22:02:14Z,24,PT22S,false,26787,688,979711
uW02XBOhsDk,My Stomach Hurts,,2025-07-31T20:59:34Z,24,PT23S,false,28727,1118,1319693
KeYHxf0Bnc8,It Wasn‚Äôt Real Anyway,,2024-12-05T00:16:34Z,24,PT19S,false,139049,1062,4168766
3xcLLI9qU3U,She Doesn‚Äôt Know What That Means,,2024-01-06T21:37:52Z,24,PT19S,false,302457,11783,6111735
ioVUC5ZSnLk,Mr. Barbosa Threatens Matan,,2025-08-26T21:05:38Z,24,PT21S,false,4571,271,171330
7-O1ViYpXV8,Why They Clapping,,2024-07-04T21:00:18Z,24,PT17S,false,32014,633,541686
BlL0UmRpEuo,Who Here Is The Best At Basketball?,,2025-10-16T20:56:36Z,24,PT21S,false,12476,208,626422
dczISLNK3FI,What If He‚Äôs Also a üë®üèø‚Äçü¶º‚Äç‚û°Ô∏è,,2024-09-20T23:07:20Z,24,PT18S,false,7975,212,106480
C9HSMFW6jJY,Has Sal Ever Been Attacked?,,2024-11-03T21:39:55Z,24,PT24S,false,8968,144,170733
0lhmEFmXoM0,He Was Just Lying Actually,,2025-09-23T20:53:04Z,24,PT19S,false,3696,99,185562
w-Yu8XuBk8g,Giving Adin Ross $5,,2023-04-22T20:13:48Z,24,PT19S,false,661533,7974,13913556
VKCEUSlTFRI,Jewish Even vs African Owens,,2025-07-01T20:58:12Z,24,PT22S,false,5497,193,218424
WPiSEkiQ2yo,Alex Stein Is Made Of Basketballs,,2025-08-11T23:06:14Z,24,PT18S,false,1950,60,94373
3t5-YzRuduw,My History üìñ,,2023-03-06T19:19:06Z,24,PT1M,false,43833,778,1001504
dkTtv3UB9m4,Matan VS Zherka‚Ä¶,,2024-06-21T22:20:52Z,24,PT38S,false,11424,243,183014
8b1PDihQ1YY,Solo Study Done By My Buddy,,2024-04-25T21:52:47Z,24,PT41S,false,66386,2661,1260014
p66KleQZtkA,Taking the ‚Äúbread‚Äù from those who don‚Äôt have it,,2023-10-02T23:23:21Z,24,PT30S,false,11338,591,263273
mBAvnHfBjdE,TwoPac vs Michael Jeffrey,,2025-09-06T21:07:38Z,24,PT26S,false,1853,43,91177
FJLOeAYRQYI,He Lost Money He Never Had,,2024-03-08T21:49:05Z,24,PT19S,false,59568,442,864399
Khi6rqtVkpA,Arbitrary Number,,2025-10-27T22:52:42Z,24,PT22S,false,35282,901,1581821
yigba9-gMfU,Mikol is Not Addicted to Weed,,2023-10-31T22:01:11Z,24,PT22S,false,4422,111,119214
p5UlQlp_ef0,Do You Love Mining?,,2025-05-03T20:52:20Z,24,PT19S,false,14179,281,594633
-AYPzbSIQbY,That‚Äôs My Sponsor,,2024-09-01T19:28:08Z,24,PT18S,false,10532,193,114190
qlE0P-bZ_uU,Best Value Costco Food Hack 2024,,2024-03-19T20:57:28Z,24,PT24S,false,44214,665,812858
8KWBWBpFgqc,Lefty Gives an Educated Answer,,2025-01-26T21:52:09Z,24,PT21S,false,10504,224,193606
O6xYJbmho3Y,What Was That Word Again?,,2024-09-24T20:59:22Z,24,PT17S,false,22009,347,220255
K4NpBqx32yg,Special Guest Adam23,,2024-04-01T21:06:10Z,24,PT16S,false,38208,486,500140
X32rLkpBBMg,These guys are just yapping,,2023-09-10T20:41:25Z,24,PT16S,false,9516,235,257107
oLrppKS8J_U,Back In My Day The Editors Remembered To Remove Logos,,2024-06-14T20:57:55Z,24,PT17S,false,18928,292,273224
t68KBMvY-fM,Do you even read?,,2023-06-02T21:10:09Z,24,PT24S,false,462069,2181,9051870
o5siMJVKSKo,They‚Äôre Making Clones!,,2023-05-20T12:45:36Z,24,PT1M,false,236519,1534,3545560
y9g6SmErmiU,Good News For Atheists,,2024-12-26T23:37:29Z,24,PT16S,false,35171,709,431606
nEQtm0Rhw_4,Hedonistic NONSENSE üï∞Ô∏è,,2022-12-16T20:04:45Z,24,PT13S,false,37646,1313,931093
FViyz_ZO2FY,I Took His Nose,,2023-08-01T21:10:43Z,24,PT13S,false,44051,1024,1172508
rAD7D_RiwIs,How Does That Even Happen?,,2024-04-08T21:30:30Z,24,PT15S,false,22802,1021,319983
O5LtOLle9js,They‚Äôre All Created in a Laboratory,,2024-03-14T20:44:43Z,24,PT17S,false,7195,94,95823
OuspyNbVFU8,He‚Äôs Providing Jobs,,2025-05-23T20:46:48Z,24,PT14S,false,3711,68,140451
IxaIjUj6LvA,Must‚Äôve Been an Accident,,2025-06-15T20:01:57Z,24,PT15S,false,2269,216,116172
eGmn2gHMryI,He‚Äôs a Little Bit Delusional,,2024-04-05T22:05:51Z,24,PT11S,false,20850,932,284389
Mwuw3GVq1rQ,35+ Smelling Bad Club,,2025-12-16T21:58:43Z,24,PT26S,false,15529,461,346187
-aqmtd2kPck,Togi‚Äôs Next Step,,2024-11-14T22:01:02Z,24,PT23S,false,3396,167,62867
51jP_x34s68,Ben Shapiro as Homelander,,2024-07-01T21:01:08Z,24,PT16S,false,4823,104,84085
0X4edRNHvYo,How Did She Become Like This?,,2025-11-06T22:16:46Z,24,PT16S,false,9396,474,473449
JYEq0M-ty1s,The Big N,,2024-08-22T21:04:31Z,24,PT22S,false,12048,232,140206
4OWRBwBVO5E,Armenian Conspiracy Theories‚Ä¶,,2024-11-02T21:58:30Z,24,PT28S,false,1874,52,31983
EbfxtAy1Gxs,We Must Stop Them Before It‚Äôs Too Late,,2025-12-03T00:14:21Z,24,PT22S,false,22493,331,767619
JpK_VpAE6Dw,Keep It To Yourself,,2024-12-16T22:03:07Z,24,PT22S,false,2550,106,49048
v7S6syLsVe4,Get Back To Work!,,2025-12-23T21:38:11Z,24,PT18S,false,18029,723,495948
JpK_VpAE6Dw,Keep It To Yourself,,2024-12-16T22:03:07Z,24,PT22S,false,2550,106,49048
v7S6syLsVe4,Get Back To Work!,,2025-12-23T21:38:11Z,24,PT18S,false,18029,723,495948
VtptVyQRZjo,Did He Say Ape?,,2025-12-24T01:10:07Z,24,PT19S,false,10480,404,341166
r8MeotdUnVw,Vibing at Coachella,,2023-04-25T00:33:59Z,24,PT7S,false,11120,217,236801
SImTQLkaKcQ,Basketball or Intelligence?,,2025-12-24T21:49:19Z,24,PT15S,false,16059,296,481885
nHRFgCCdCHE,We Both See Color,,2025-11-29T01:58:24Z,24,PT17S,false,3552,126,118384
iIFRC32wMaU,Sal ü§ù Cosby,,2024-11-09T22:46:44Z,24,PT15S,false,1626,39,36570
n8WjvUdFzM8,Rick Ross Worked With The CIA,,2024-10-21T21:42:21Z,24,PT16S,false,1261,35,25258
oJNHTUzNgSE,Level 1 Israelite Cowers To Boss Israelite‚Äôs Command,,2025-12-24T23:53:33Z,24,PT26S,false,15702,1493,480101
7QTmP-_rsTw,Brown üáÆüá≥,,2025-05-28T21:50:19Z,24,PT20S,false,2682,173,119478
_-KL1sCgGNQ,Quick Introduction For Todays Guest,,2024-03-21T20:59:58Z,24,PT30S,false,9800,110,118435
Q0nw0eIao4s,Bark Like a Dog,,2023-05-22T15:01:21Z,24,PT17S,false,1218580,13930,26902978
4me9-9DFdFY,They Definitely Do,,2024-11-20T23:58:55Z,24,PT19S,false,10320,245,140960
BMqvt_-FK_Y,The Fall Of The Britain,,2025-10-29T00:37:17Z,24,PT25S,false,5146,372,239164
9NpYNuklvMg,But Then They‚Äôll Have Normal People In The Store,,2025-07-10T20:53:02Z,24,PT33S,false,4659,227,173036
N9t4ZBZAR4k,Full Episode With Adam22 Out Now,,2024-03-31T19:23:26Z,24,PT19S,false,7365,170,98895
5H8HFcLYEg0,STOP THROWING SH*T,,2025-02-21T22:06:00Z,24,PT18S,false,1644,18,48932
CHaLk57I_MU,Vegans Don‚Äôt Support Animals Rights,,2023-12-25T21:16:51Z,24,PT27S,false,24283,526,453807
LSBOPxap5eE,He Definitely Said That,,2024-11-29T22:45:08Z,24,PT21S,false,3295,126,54148
it-xDVyyGFU,Paralyzed Fly vs Happy Dog üêûüòä,,2025-11-22T21:39:26Z,24,PT17S,false,5678,113,201655
VhAjj5jOx24,Voldemort Is a Sub-5,,2025-12-08T21:19:45Z,24,PT15S,false,2474,99,119753
kkwbfMhYm_Y,Wrap It Up,,2024-10-02T21:00:23Z,24,PT21S,false,4936,94,71118
GVolooU1CVU,Question Of Color,,2025-04-12T21:02:44Z,24,PT12S,false,5003,89,261052
1jWBsX4u6TE,That Might Be The Cure,,2025-05-25T20:22:43Z,24,PT19S,false,6492,217,285966
PnI4NIJsL3k,"Somebody Stole My House, Please Send The Fee Now",,2024-10-12T22:35:35Z,24,PT19S,false,11605,244,150839
dqXn_aByh-U,It Was Termites,,2024-10-08T21:00:37Z,24,PT26S,false,9113,220,115345
8eh51uhX3pg,That Would Be a Really Good Song,,2023-12-27T01:50:39Z,24,PT12S,false,27457,429,426418
4G7hNhYOeNY,Sing Your Favorite Song,,2023-07-29T21:04:33Z,24,PT18S,false,60762,717,1276821
Z2-eOdwJSTg,He‚Äôll Make Between Zero and 0 Dollars,,2025-01-16T23:13:16Z,24,PT21S,false,11396,110,203734
qZCi2Q0iL2U,Philosophy With Baby Gronk,,2024-07-29T21:05:23Z,24,PT23S,false,5250,142,100872
NABfTopKyAg,He Has an IQ of 4,,2024-03-22T21:38:09Z,24,PT32S,false,6040,161,111769
aRUYinI5dYY,Matan Exposes Hubert,,2025-12-20T01:12:18Z,24,PT56S,false,6682,543,191038
uWyqnNN2-G8,"Like, Follow, and Tag 8 Friends For a Chance to Win The Game Station 5",,2024-02-22T23:25:06Z,24,PT17S,false,7416,430,94536
FwSDselYmxo,Why is he there‚Ä¶,,2023-09-05T21:24:28Z,24,PT15S,false,7657,198,188711
46bkxzfgQnw,I Am The Master!,,2025-12-21T21:32:30Z,24,PT16S,false,14199,631,554488
9XgLfhzM-j8,Mikol Lost Everything ü´•,,2023-02-17T21:48:50Z,20,PT18S,false,7876,211,172335
yl_RfOZGIS4,She Was Lying to Me‚Ä¶,,2023-12-22T21:25:46Z,24,PT18S,false,42903,427,495850
J5BN-iBzVa4,How Would They React?,,2024-05-13T20:58:52Z,24,PT23S,false,7467,205,133480
z3XpiP3vWe4,Dats Ma Brotha Mayn,,2024-10-25T21:47:40Z,24,PT21S,false,1198,41,26292
D079RAM8CJc,The Wall Just Got Ten Feet Bigger,,2024-08-25T20:17:37Z,24,PT33S,false,8361,200,119949
gIByyWbqEmE,Trut or Griftin?,,2025-03-31T20:42:48Z,24,PT26S,false,1148,53,53647
DKe16bpiTeM,I forgot title,,2024-07-10T20:55:24Z,24,PT25S,false,3863,85,82177
Nv46r3cCcac,I Caught Him,,2025-09-01T21:04:19Z,24,PT51S,false,9498,588,283654
Km7PE7u5Y7I,BÃ∂lÃ∂aÃ∂cÃ∂kÃ∂mÃ∂aÃ∂ Batman,,2024-08-18T22:20:12Z,24,PT21S,false,2635,89,45810
KSwNerqYwf4,They All Know Each Other,,2024-11-24T20:50:33Z,24,PT26S,false,7737,205,105709
jL69St62u5c,Turn The Water Into Henny,,2025-12-22T21:38:55Z,24,PT1M12S,false,26679,1073,446805
skR76ZrEf_8,Should Women Be Allowed To Drive?,,2024-07-22T20:56:07Z,24,PT23S,false,2248,52,44549
o7i2wnjtPio,Steiny vs Disabled Fly,,2025-12-27T00:00:31Z,24,PT18S,false,48526,681,1808780
UkN2bq_jc4Y,Do better. #newyear #2023,,2023-01-01T01:45:37Z,24,PT16S,false,5781,163,105817
gSDkx9CSoMk,Steiny The Philosopher,,2025-12-25T23:42:24Z,24,PT15S,false,27674,952,1020349
a2cmvrlw3-o,Matan Attacks Ian's Manager For Trying To Scam Him,"PATREON: http://patreon.com/mataneven

Go To https://www.HelloFresh.com/Matan10FM and Get Ten Free Meals With a Free Item For Life, New Subscribers Only

Instagram: https://www.instagram.com/matanevenoff
X/Twitter: ‚Å†https://twitter.com/MatanEven
Spotify: https://open.spotify.com/show/0tTEcorgYch5ohaIQhAhvw
TikTok: ‚Å†https://www.tiktok.com/@mataneven
Discord: https://discord.gg/matan-university-1055196556875280384
YouTube: youtube.com/@matanevenoff

Ian:
Instagram: www.instagram.com/iaaaaaaaaaaannnnnnnn
YouTube: youtube.com/@UCIKrsCc3hmgBOEjT9GKQZlg",2025-09-28T19:00:01Z,24,PT40M46S,false,7448,1318,202868
8XWhJO9kJGM,Hopefully It Never Happens,,2024-01-14T00:34:25Z,24,PT26S,false,16459,497,236004
kwVqrFULKN0,They Definitely Said It.,,2024-09-27T21:55:58Z,24,PT19S,false,3592,78,55072
1zuDD7V7y2Q,What‚Äôs Up Homes,,2024-07-05T21:00:12Z,24,PT22S,false,90880,1491,1519638
k9x2UlCeJnw,The Electricity Got Him Good,,2024-04-13T21:05:06Z,24,PT21S,false,4135,106,81729
kjPoK67-DQs,Viral Flooring Freaks Out,,2025-12-25T21:53:28Z,24,PT26S,false,4785,153,160991
AowmbHdgmns,It‚Äôs An Accident Okay,,2024-04-22T21:22:24Z,24,PT15S,false,3068,83,68216
sOD4j0b3w4Y,I Don‚Äôt Think That‚Äôll Work,,2025-12-30T21:43:46Z,24,PT22S,false,3660,162,101352
uW8Q6PmEZ6I,Matan & Harland Williams Fat Shame David Lucas,"Go to Sheath (https://www.Sheath.com). Use offer code MATAN for 20% off and free shipping.

Instagram: https://www.instagram.com/matanevenoff
X/Twitter: ‚Å†https://twitter.com/MatanEven
Spotify: https://open.spotify.com/show/0tTEcorgYch5ohaIQhAhvw
TikTok: ‚Å†https://www.tiktok.com/@mataneven
Discord: https://discord.gg/matan-university-1055196556875280384
YouTube: youtube.com/@matanevenoff

Harland Williams:
YouTube: YouTube.com/@HarlandHighwayPodcast  
Instagram: instagram.com/harlandwilliams
Website: Harlandwilliams.com",2025-02-23T20:00:26Z,24,PT53M59S,false,21535,3992,632294
lH1o7iLWASs,Amish Male vs Wall of Flesh,,2025-12-29T00:15:28Z,24,PT7S,false,97336,1155,5182991
VUGmB4JNhp4,"Matan & Icewear Vezzo Debate Race Politics, Free Speech","Go to Sheath (https://www.Sheath.com). Use offer code MATAN for 20% off and free shipping.

Instagram: https://www.instagram.com/matanevenoff
X/Twitter: ‚Å†https://twitter.com/MatanEven
TikTok: ‚Å†https://www.tiktok.com/@mataneven
Discord: https://discord.gg/matan-university-1055196556875280384
YouTube: youtube.com/@matanevenoff

Icewear Vezzo:
YouTube: youtube.com/@UC00wbhsfrcZAElIw1Q9VRlw 
Instagram: instagram.com/icewear_vezzo
X/Twitter: x.com/icewear_vezzo",2025-01-05T20:00:15Z,24,PT44M34S,false,5055,948,148858
9fJELcdihqQ,"Matan, Chris Distefano & Yannis Pappas Debate Politcal Vi*lence","PATREON: http://patreon.com/mataneven

Upgrade your wallet today! Get 10% Off @Ridge with code MATAN at https://www.Ridge.com/MATAN

Instagram: https://www.instagram.com/matanevenoff
X/Twitter: ‚Å†https://twitter.com/MatanEven
Spotify: https://open.spotify.com/show/0tTEcorgYch5ohaIQhAhvw
TikTok: ‚Å†https://www.tiktok.com/@mataneven
Discord: https://discord.gg/matan-university-1055196556875280384
YouTube: youtube.com/@matanevenoff

Chris Distefano:
YouTube: https://m.youtube.com/c/chrisdcomedy
Instagram: https://www.instagram.com/chrisdcomedy 
X/Twitter: https://x.com/chrisdcomedy

Yannis Pappas:
Instagram: https://www.instagram.com/yannispappas
X/Twitter: https://x.com/yannispappas",2025-06-22T19:00:12Z,24,PT44M18S,false,8736,1431,291363
T3TeKmX13iM,Matan & Bassem Youssef Discuss The Middle East,"ALL SCENES IN THIS VIDEO ARE FAKE AND CONDUCTED BY PROFESSIONALS FOR COMEDIC PURPOSES.

PATREON: http://patreon.com/mataneven

Go To https://SurfShark.com/Matan or Use Code MATAN To Get 4 Extra Months For Free

Level up your confidence in the bedroom ‚Üí https://www.rugiet.com/matan
Use code ""MATAN"" to get 15% off your first order!

Instagram: https://www.instagram.com/matanevenoff
X/Twitter: ‚Å†https://twitter.com/MatanEven
Spotify: https://open.spotify.com/show/0tTEcorgYch5ohaIQhAhvw
TikTok: ‚Å†https://www.tiktok.com/@mataneven
Discord: https://discord.gg/matan-university-1055196556875280384
YouTube: youtube.com/@matanevenoff

Bassem Youssef:
YouTube: youtube.com/@UCoZnEQMqVvv_DkF50fupMKw 
Instagram: https://www.instagram.com/bassem",2025-11-09T20:00:18Z,24,PT38M20S,false,19278,3416,508498
f8A6zL75z9s,Cliffe & Stuart Knechtle Heated Debate vs Black Israelites,"PATREON: http://patreon.com/mataneven

Go To https://www.FactorMeals.com/Matan50OFF To Get 50% Off Your First Box and Free Breakfast For a Year

Level up your confidence in the bedroom ‚Üí https://www.rugiet.com/matan
Use code ""MATAN"" to get 15% off your first order!

Instagram: https://www.instagram.com/matanevenoff
X/Twitter: ‚Å†https://twitter.com/MatanEven
Spotify: https://open.spotify.com/show/0tTEcorgYch5ohaIQhAhvw
TikTok: ‚Å†https://www.tiktok.com/@mataneven
Discord: https://discord.gg/matan-university-1055196556875280384
YouTube: youtube.com/@matanevenoff

Cliffe & Stuart Knechtle: 
YouTube: https://www.youtube.com/askcliffe 
Instagram: https://www.instagram.com/stuart_knechtle",2025-12-21T20:00:26Z,24,PT1H51M41S,false,42547,19120,1198313
ELIxuAE__-4,Matan Confronts Former CIA Agent About The Epst*in Files,"PATREON: http://patreon.com/mataneven

Instagram: https://www.instagram.com/matanevenoff
X/Twitter: ‚Å†https://twitter.com/MatanEven
Spotify: https://open.spotify.com/show/0tTEcorgYch5ohaIQhAhvw
TikTok: ‚Å†https://www.tiktok.com/@mataneven
Discord: https://discord.gg/matan-university-1055196556875280384
YouTube: youtube.com/@matanevenoff

Andrew Bustamante:
Instagram: https://www.instagram.com/everydayspy
YouTube: https://www.youtube.com/@Andrew-Bustamante",2025-08-31T19:00:09Z,24,PT41M15S,false,14642,3248,443657
BZdn5rZUd0o,Poof not everytin can be a covor,,2023-08-16T21:25:32Z,24,PT11S,false,9210,337,270189
W1GGc4ET0tg,Let Me Read The Text Message,,2025-12-29T23:56:39Z,24,PT12S,false,15808,331,533099
Abep7zUaxPM,Does Togi Steal His Fans Money?,,2024-11-16T23:05:24Z,24,PT38S,false,1768,59,36329
TbQJ6NN37TU,Brain Surgery ü©∏,,2024-09-28T21:08:28Z,24,PT15S,false,915,41,23173
y8eGRnb8o0Y,Matan Humiliates Bonnie Blue Over Her Degeneracy,"PATREON: http://patreon.com/mataneven

Go To https://www.FactorMeals.com/Matan50OFF To Get 50% Off Your First Box and Free Breakfast For a Year

Instagram: https://www.instagram.com/matanevenoff
X/Twitter: ‚Å†https://twitter.com/MatanEven
Spotify: https://open.spotify.com/show/0tTEcorgYch5ohaIQhAhvw
TikTok: ‚Å†https://www.tiktok.com/@mataneven
Discord: https://discord.gg/matan-university-1055196556875280384
YouTube: youtube.com/@matanevenoff",2025-11-02T20:00:54Z,24,PT42M32S,false,72421,15888,1747429
AzhummRPSzk,"""Dr. Phil"" & Matan do Biden impersonations, Talk Kill Tony","Go to Sheath (https://www.Sheath.com). Use offer code MATAN for 20% off and free shipping.

Instagram: https://www.instagram.com/matanevenoff
X/Twitter: ‚Å†https://twitter.com/MatanEven
Spotify: https://open.spotify.com/show/0tTEcorgYch5ohaIQhAhvw
TikTok: ‚Å†https://www.tiktok.com/@mataneven
Discord: https://discord.gg/matan-university-1055196556875280384
YouTube: youtube.com/@matanevenoff

Adam Ray:
YouTube: http://YouTube.com/@adamraycomedy 
Instagram: Instagram.com/AdamRayComedy
Twitter: https://twitter.com/AdamRayComedy",2024-12-01T20:00:05Z,24,PT41M12S,false,18132,2351,649132
dm92QDQJAX0,CIA‚Äôs plans with RFK,,2025-09-04T21:11:41Z,24,PT35S,false,1088,63,47006
9sFaMbtAdss,Matan Confronts Chumlee For Illegally K*lling Animals,"PATREON: http://patreon.com/mataneven

Control Body Odor ANYWHERE with Mando and Get 20% Off + Free Shipping With Promo Code MATAN at https://shopmando.com

Instagram: https://www.instagram.com/matanevenoff
X/Twitter: ‚Å†https://twitter.com/MatanEven
Spotify: https://open.spotify.com/show/0tTEcorgYch5ohaIQhAhvw
TikTok: ‚Å†https://www.tiktok.com/@mataneven
Discord: https://discord.gg/matan-university-1055196556875280384
YouTube: youtube.com/@matanevenoff

Chumlee
Instagram: https://www.instagram.com/chumlee
X/Twitter: https://x.com/chumlee_",2025-07-06T19:00:09Z,24,PT40M46S,false,12023,1791,407300
f6IiEDdidX4,Matan Interrogates a Young Amish Male About His Culture,"PATREON: http://patreon.com/mataneven

For simple, online access to personalized and affordable care for hair loss and more, visit http://www.hims.com/matan

Go To https://www.HelloFresh.com/Matan10FM To Get Ten Free Meals + a Free Item, New Subscribers Only

Instagram: https://www.instagram.com/matanevenoff
X/Twitter: ‚Å†https://twitter.com/MatanEven
Spotify: https://open.spotify.com/show/0tTEcorgYch5ohaIQhAhvw
TikTok: ‚Å†https://www.tiktok.com/@mataneven
Discord: https://discord.gg/matan-university-1055196556875280384
YouTube: youtube.com/@matanevenoff

Young Amish Male:
Instagram: https://www.instagram.com/amishdude_
TikTok: https://www.tiktok.com/@that.amish.dude",2025-12-28T20:00:29Z,24,PT38M16S,false,12335,2269,299744
_62PVkRTbNA,Gavin McInnes Reveals The Truth About Vice...,"Instagram: https://www.instagram.com/matanevenoff
X/Twitter: ‚Å†https://twitter.com/mataneven
TikTok: ‚Å†https://www.tiktok.com/@mataneven
Discord: https://discord.gg/matan-university-1055196556875280384
YouTube: youtube.com/@matanevenoff

Go to http://www.Kalshi.com/Matan for a $20 bonus when you deposit $100 using their mobile app.

This episode is sponsored by Sheath (https://www.Sheath.com). Use offer code MATAN for 20% off and free shipping.",2024-10-06T19:00:30Z,24,PT40M56S,false,15776,3731,541186
0668KuYPi10,The New Awesome Supplement,,2025-12-28T21:26:58Z,24,PT19S,false,7956,168,225515
Xxckj9x0XcI,The Procedure Doesn‚Äôt Make Any Sense,,2025-12-28T00:25:00Z,24,PT44S,false,5000,150,128658
1ih-nX-029w,Walmart Gives You Wings,,2025-12-29T21:59:48Z,24,PT20S,false,4673,138,164257
vRUM697gbaQ,Do You Live in a Microwave?,,2025-12-27T23:27:37Z,24,PT21S,false,2311,106,87615
kdXOaOdACz4,Too Old,,2025-12-31T00:14:16Z,24,PT25S,false,2962,91,98282
jxh1rcNAlVY,They Would‚Äôve Ripped Him Apart,,2025-02-11T22:15:04Z,24,PT28S,false,1859,51,28149
MwgGK8czlT8,He Even Tricked Himself For a Second There,,2024-07-07T19:40:04Z,24,PT25S,false,9786,226,134581
VJJsQIz4i2I,Bryan Callen Finally Talks About Brendan Schaub & Tigerbelly,"Go to Sheath (https://www.Sheath.com). Use offer code MATAN for 20% off and free shipping.

Instagram: https://www.instagram.com/matanevenoff
X/Twitter: ‚Å†https://twitter.com/MatanEven
Spotify: https://open.spotify.com/show/0tTEcorgYch5ohaIQhAhvw
TikTok: ‚Å†https://www.tiktok.com/@mataneven
Discord: https://discord.gg/matan-university-1055196556875280384
YouTube: youtube.com/@matanevenoff

Bryan Callen:
Instagram: instagram.com/bryancallen
X/Twitter: X.com/BryanCallen
YouTube: youtube.com/@UCQMLxN4gj_PI-USw7eiTKIw",2025-02-02T20:00:13Z,24,PT49M10S,false,19646,3722,659198
1hJ0R8t5sYU,Charlamagne Tries Forcing Matan To Say The N Word,"PATREON: http://patreon.com/mataneven

Go to http://ground.news/Matan to take back control of how you stay informed. Save 40% on the unlimited access Vantage plan I use to see how each side spins the news on everything they don't want you to question.

Start building credit with Kikoff today, and you can get your first month for as little as $1. That's 80% off the normal price when you go to http://getkikoff.com/matan today.

Instagram: https://www.instagram.com/matanevenoff
X/Twitter: ‚Å†https://twitter.com/MatanEven
Spotify: https://open.spotify.com/show/0tTEcorgYch5ohaIQhAhvw
TikTok: ‚Å†https://www.tiktok.com/@mataneven
Discord: https://discord.gg/matan-university-1055196556875280384
YouTube: youtube.com/@matanevenoff

Charlamagne:
YouTube: YouTube.com/@UChi08h4577eFsNXGd3sxYhw 
Instagram: https://www.instagram.com/Cthagod
X/Twitter: https://x.com/cthagod",2025-06-15T19:00:01Z,24,PT45M30S,false,20759,3981,660351
NFbh0_GGOyo,David Lucas Destroys The Podcast and Talks About Getting Cancelled,"This episode is sponsored by Sheath (https://www.Sheath.com). Use offer code MATAN for 20% off and free shipping.

Instagram: https://www.instagram.com/matanevenoff
X/Twitter: ‚Å†https://twitter.com/mataneven
TikTok: ‚Å†https://www.tiktok.com/@mataneven
Discord: https://discord.gg/matan-university-1055196556875280384
YouTube: youtube.com/@matanevenoff

David Lucas:
Instagram: Instagram.com/DavidLucasFunny
X/Twitter: Twitter.com/Funnydavidlucas
YouTube: YouTube.com/@UCGq6eTi9tSwOoSR3I7iEE5Q",2024-09-01T19:00:18Z,24,PT39M43S,false,14898,5484,509637
dbDZ0Z4UlPM,Flat Earther Gets DESTROYED By 16 Year Old,"https://mataneven.org

Twitter: ‚Å†https://twitter.com/mataneven
Instagram: https://www.instagram.com/matanevenoff/
TikTok: ‚Å†https://www.tiktok.com/@mataneven
YouTube: youtube.com/@matanevenoff‚Å†
Discord: https://discord.gg/matan-university-1055196556875280384",2024-01-28T20:00:11Z,24,PT1H1M39S,false,11139,3512,424251
2L1DuUgyC14,Matan Pays Ari Shaffir To Attack Sal Vulcano,"Go to http://www.prizepicks.com or download the PrizePicks app and use Matan to get $50 instantly when you play $5. 

Go to Sheath (https://www.Sheath.com). Use offer code MATAN for 20% off and free shipping.

Instagram: https://www.instagram.com/matanevenoff
X/Twitter: ‚Å†https://twitter.com/MatanEven
TikTok: ‚Å†https://www.tiktok.com/@mataneven
Discord: https://discord.gg/matan-university-1055196556875280384
YouTube: youtube.com/@matanevenoff

Sal Vulcano:
Instagram: http://Instagram.com/SalVulcano
Twitter: https://twitter.com/SalVulcano
Special: https://www.youtube.com/watch?v=6X49375Hah8
Website/Tour: https://salvulcanocomedy.com/tour

Mike:
Instagram: https://www.instagram.com/mikeosullivancomic?igsh=MzRlODBiNWFlZA==",2024-11-03T20:00:01Z,24,PT55M9S,false,25644,2058,928923
ALCLWf0c1cI,Why He Is Banned From Every Casino In Vegas,"‚Å†mataneven.org‚Å†

Twitter: ‚Å†https://twitter.com/mataneven
Instagram: https://www.instagram.com/matanevenoff/
TikTok: ‚Å†https://www.tiktok.com/@mataneven
YouTube: youtube.com/@matanevenoff‚Å†

Mikki Mase:
Instagram: https://www.instagram.com/dirtygothboi/",2023-11-12T20:00:08Z,24,PT26M1S,false,11048,2484,373049
94APPA90l8M,"Matan & Cookie King Debate G*y Marriage, The Red Pill","PATREON: http://patreon.com/mataneven

Go To https://www.HelloFresh.com/Matan10FM and Get Ten Free Meals With a Free Item For Life, New Subscribers Only

Instagram: https://www.instagram.com/matanevenoff
X/Twitter: ‚Å†https://twitter.com/MatanEven
Spotify: https://open.spotify.com/show/0tTEcorgYch5ohaIQhAhvw
TikTok: ‚Å†https://www.tiktok.com/@mataneven
Discord: https://discord.gg/matan-university-1055196556875280384
YouTube: youtube.com/@matanevenoff

Cookie King:
Instagram: https://www.instagram.com/cookiekinggg
TikTok: https://www.tiktok.com/@c00kiek1ng",2025-08-17T19:00:08Z,24,PT37M15S,false,16822,2003,405844
ZO9VXMZAlio,Vegan Gets SHUT DOWN In Heated Debate,"https://mataneven.org

Twitter: ‚Å†https://twitter.com/mataneven
Instagram: https://www.instagram.com/matanevenoff/
TikTok: ‚Å†https://www.tiktok.com/@mataneven
YouTube: youtube.com/@matanevenoff‚Å†
Discord: https://discord.gg/matan-university-1055196556875280384

In Defense of Animals: www.idausa.org",2023-12-24T20:00:11Z,24,PT51M10S,false,9933,2360,335779
xMzlS7Vnd2U,What Do You Do - Daniel Mac,,2023-07-10T20:26:33Z,24,PT20S,false,91847,1583,1795422
zRofkCtlE8M,Certified File,,2024-09-13T21:20:35Z,24,PT17S,false,1039,80,24283
dz8JMOsJhhg,"I Got Robbed Last Week, They Stole My Eyes",,2024-05-10T21:01:08Z,24,PT29S,false,2112,103,58603
JIWsPbTw5-o,Withdrawal Symptoms Make You Stronger,,2025-04-16T20:05:13Z,24,PT33S,false,4043,222,141622
c6Oqd6OYdQA,Matan Finally Confronts Baby Gronk and His Dad‚Ä¶,"Instagram: https://www.instagram.com/matanevenoff
X/Twitter: ‚Å†https://twitter.com/mataneven
TikTok: ‚Å†https://www.tiktok.com/@mataneven
Discord: https://discord.gg/matan-university-1055196556875280384
YouTube: youtube.com/@matanevenoff",2024-07-28T19:00:15Z,24,PT43M50S,false,8183,1926,282566
OWd8KtaB0o8,He‚Äôs a Smart Guy ü•∑üü°,,2024-05-31T21:00:52Z,24,PT26S,false,19802,515,377036
4kdlVsfxhaU,17 Year Old vs Rabbi and Monk in Heated Debate,"This episode is sponsored by Sheath (https://www.Sheath.com). Use offer code MATAN for 20% off and free shipping.

Instagram: https://www.instagram.com/matanevenoff
X/Twitter: ‚Å†https://twitter.com/mataneven
TikTok: ‚Å†https://www.tiktok.com/@mataneven
Discord: https://discord.gg/matan-university-1055196556875280384
YouTube: youtube.com/@matanevenoff

Monk:
Instagram: instagram.com/bhante_varrapanyo
Website: https://monklife.one
YouTube: YouTube.com/@UC-mF2FLzp9fYy8Ld518-IpA

Rabbi:
YouTube: YouTube.com/@UC1ITSvBFsEAikuKoatw60SA
Website: https://www.indisputabletruth.com/subscribe",2024-09-15T19:00:02Z,24,PT1H29M32S,false,17088,5981,649041
j_4N26kxXx8,Matan Calls Out Colby Covington For Scamming His Fans,"PATREON: http://patreon.com/mataneven

Start building credit with Kikoff today, and you can your first month for as little as one dollar. That's 80% off the normal price when you go to http://getkikoff.com/matan today.

Get started at http://Factormeals.com/MATAN50OFF and use code MATAN50OFF to get 50 percent off plus FREE shipping on your first box.

Instagram: https://www.instagram.com/matanevenoff
X/Twitter: ‚Å†https://twitter.com/MatanEven
Spotify: https://open.spotify.com/show/0tTEcorgYch5ohaIQhAhvw
TikTok: ‚Å†https://www.tiktok.com/@mataneven
Discord: https://discord.gg/matan-university-1055196556875280384
YouTube: youtube.com/@matanevenoff

Colby Covington:
Instagram: https://www.instagram.com/ColbyCovington
X/Twitter: https://x.com/colbycovmma",2025-06-29T19:00:44Z,24,PT41M9S,false,9245,1626,297712
RzVdukWlP9s,I Hired a Private Investigator To Follow Sneako For 24 Hours‚Ä¶,"Instagram: https://www.instagram.com/matanevenoff
X/Twitter: ‚Å†https://twitter.com/mataneven
TikTok: ‚Å†https://www.tiktok.com/@mataneven
Discord: https://discord.gg/matan-university-1055196556875280384
YouTube: youtube.com/@matanevenoff‚Å†",2024-02-25T20:00:12Z,24,PT1H1M11S,false,23757,2054,828567
y8nMqIiKnns,Tai Lopo üç≠,,2023-01-16T02:05:59Z,24,PT14S,false,20599,573,265243
uvkEXNM6OTo,The Rabbi Is Now in Jail For Embezzlement,,2024-02-03T22:17:51Z,24,PT43S,false,12680,188,285569
nrooGtUao6c,Lil Xan Talks About Overcoming Addiction & Overdosing on Hot Cheetos,"‚Å†mataneven.org‚Å†

Twitter: ‚Å†https://twitter.com/mataneven
Instagram: https://www.instagram.com/matanevenoff/
TikTok: ‚Å†https://www.tiktok.com/@mataneven
YouTube: youtube.com/@matanevenoff‚Å†

Lil Xan:
Instagram: https://www.instagram.com/xanxiety
YouTube: youtube.com/@lilxan2936  
SoundCloud: https://soundcloud.com/lil_xan
Apple Music: https://music.apple.com/us/artist/lil-xan/1163274805
Spotify: https://open.spotify.com/artist/3EXdLajEO02ziZ90P90bSW",2023-10-22T18:59:00Z,24,PT32M51S,false,10911,1239,349432
1wFK1zN5lPI,Matan KICKS OUT Guest For Painting Their Nails,"https://mataneven.org

Twitter: ‚Å†https://twitter.com/mataneven
Instagram: https://www.instagram.com/matanevenoff/
TikTok: ‚Å†https://www.tiktok.com/@mataneven
YouTube: youtube.com/@matanevenoff‚Å†
Discord: https://discord.gg/matan-university-1055196556875280384

Sueco:
Instagram: https://www.instagram.com/suecothechild
TikTok: https://www.tiktok.com/@sueco
YouTube: https://www.youtube.com/@therealsueco
Spotify: https://open.spotify.com/artist/4iDroUFo89Y7YBsdDTBmTD",2024-02-04T20:00:01Z,24,PT36M44S,false,6447,899,202912
alHRKTCAOR8,Evil Character,,2025-05-26T21:02:27Z,24,PT38S,false,3240,125,101596
86DxarMbtcQ,The Correct Answer is D,,2025-07-13T21:06:59Z,24,PT22S,false,2318,120,91000
eh8cMPAQa3A,Why Does Miles Morales Keep Stealing My Bike?,,2024-11-11T22:32:04Z,24,PT36S,false,20208,473,238582
UcUUvAvEKFo,White History Month,,2024-05-11T21:45:36Z,24,PT40S,false,9489,459,184959
eM85KAakRQ8,FreshandFit Walk Off After Matan Confronts Them For Lying,"Go to Sheath (https://www.Sheath.com). Use offer code MATAN for 20% off and free shipping.

Instagram: https://www.instagram.com/matanevenoff
X/Twitter: ‚Å†https://twitter.com/MatanEven
Spotify: https://open.spotify.com/show/0tTEcorgYch5ohaIQhAhvw
TikTok: ‚Å†https://www.tiktok.com/@mataneven
Discord: https://discord.gg/matan-university-1055196556875280384
YouTube: youtube.com/@matanevenoff",2025-03-30T19:00:31Z,24,PT45M32S,false,26528,3921,881230
yc6dRFT5vsI,Megatron or Rodimus Prime,,2025-07-16T20:51:35Z,24,PT27S,false,2679,107,91925
H6z7TkGdPak,Alex Stein Immediately Goes Insane And Destroys The Podcast,"PATREON: http://patreon.com/mataneven

Go to https://prizepicks.onelink.me/LME0/MATAN or download the PrizePicks app and use code MATAN to get $50 instantly when you play $5

Instagram: https://www.instagram.com/matanevenoff
X/Twitter: ‚Å†https://twitter.com/MatanEven
Spotify: https://open.spotify.com/show/0tTEcorgYch5ohaIQhAhvw
TikTok: ‚Å†https://www.tiktok.com/@mataneven
Discord: https://discord.gg/matan-university-1055196556875280384
YouTube: youtube.com/@matanevenoff

Alex Stein:
Instagram: https://www.instagram.com/primetimestein
YouTube: https://www.youtube.com/@UCtBbXeA6TManP4NQuvD06vQ",2025-08-10T19:00:26Z,24,PT34M2S,false,15014,2574,348844
0GEuV92KW08,Lefty Gunplay Walks Out and Threatens Matan After Crazy Question,"Go to http://www.prizepicks.com or download the PrizePicks app and use code Matan to get $50 instantly when you play $5. 

Go to Sheath (https://www.Sheath.com). Use offer code MATAN for 20% off and free shipping.

Instagram: https://www.instagram.com/matanevenoff
X/Twitter: ‚Å†https://twitter.com/MatanEven
Spotify: https://open.spotify.com/show/0tTEcorgYch5ohaIQhAhvw
TikTok: ‚Å†https://www.tiktok.com/@mataneven
Discord: https://discord.gg/matan-university-1055196556875280384
YouTube: youtube.com/@matanevenoff

Lefty Gunplay:
YouTube: http://youtube.com/@UC3uBxe3jVBLGyJq8IVXyNXw     
Instagram: instagram.com/leftygunplay",2025-01-26T20:00:00Z,24,PT44M21S,false,20226,4843,874763
V8efNQoLa0o,The Data Would Prove Me Right,,2024-03-30T23:08:44Z,24,PT15S,false,5943,93,67194
QkhFH760AFQ,Why Do They Get To Decide?,,2025-03-18T21:49:16Z,24,PT19S,false,5121,85,115580
935r7UFf2LQ,Harvey Weinstein Vs LeBron James Dunk Contest (2012),,2024-08-26T21:25:31Z,24,PT21S,false,2568,58,55020
_f8I2vcy9Sw,Blackman vs Superman,,2025-06-08T20:18:57Z,24,PT26S,false,8913,325,313849
KVLTR3rcBxw,"This is a Happy Safe Joke, Not Real. Like That One From The Heidecker Episode, Which Was Also Fake",,2025-02-19T22:07:01Z,24,PT25S,false,2113,102,56192
skJjT7y_Zcg,Adam22 Storms Out After Matan Asks About His Wife‚Ä¶,"Instagram: https://www.instagram.com/matanevenoff
X/Twitter: ‚Å†https://twitter.com/mataneven
TikTok: ‚Å†https://www.tiktok.com/@mataneven
Discord: https://discord.gg/matan-university-1055196556875280384
YouTube: youtube.com/@matanevenoff",2024-03-31T19:00:30Z,24,PT46M38S,false,43946,6740,1609228
B98f9HHa5xA,High Stakes Poker Games For Money,,2025-07-17T20:56:42Z,24,PT15S,false,1319,36,79903
5eTVQHFMekk,Matan Makes Transgender ‚ÄúWoman‚Äù Storm Out After Heated Debate,"Go To https://www.HelloFresh.com/Matan10fm and Get Ten Free Meals With a Free Item For Life, New Subscribers Only

PATREON: http://patreon.com/mataneven

Instagram: https://www.instagram.com/matanevenoff
X/Twitter: ‚Å†https://twitter.com/MatanEven
Spotify: https://open.spotify.com/show/0tTEcorgYch5ohaIQhAhvw
TikTok: ‚Å†https://www.tiktok.com/@mataneven
Discord: https://discord.gg/matan-university-1055196556875280384
YouTube: youtube.com/@matanevenoff

Robin Tran:
Insatgram: https://www.instagram.com/robintran04
TikTok: https://www.tiktok.com/@robintrancomedian",2025-07-13T19:00:05Z,24,PT40M30S,false,13372,2061,442689
mwXb7MoRyLk,The Man Who Believes His Dog is God,"Instagram: https://www.instagram.com/matanevenoff
X/Twitter: ‚Å†https://twitter.com/mataneven
TikTok: ‚Å†https://www.tiktok.com/@mataneven
Discord: https://discord.gg/matan-university-1055196556875280384
YouTube: youtube.com/@matanevenoff

Greg Cipes:
Instagram: Instagram.com/Gregcipes
Youtube: Youtube.com/@UCdLJC6vvOLn1Vfq6NZkduPQ 
TikTok: TikTok.com/@gregcipes",2024-03-24T19:00:31Z,24,PT45M45S,false,3551,762,102781
GO67DB4ac18,Pacman Jones Tries Beating The Sh*t Out Of Matan & Mike Mike,"PATREON: http://patreon.com/mataneven

Instagram: https://www.instagram.com/matanevenoff
X/Twitter: ‚Å†https://twitter.com/MatanEven
Spotify: https://open.spotify.com/show/0tTEcorgYch5ohaIQhAhvw
TikTok: ‚Å†https://www.tiktok.com/@mataneven
Discord: https://discord.gg/matan-university-1055196556875280384
YouTube: youtube.com/@matanevenoff

Pacman Jones:
Insatgram: https://www.instagram.com/realpacman24
X/Twitter: https://x.com/REALPACMAN24",2025-07-20T19:00:24Z,24,PT43M22S,false,14834,2822,419092
b5GG9cI488A,5 Ways To Get Rich In 2023,,2023-12-20T21:50:23Z,24,PT16S,false,9653,234,134667
Rl2kN2qSxx8,He Has Tattoos Inside His Head Too,,2024-03-11T20:51:06Z,24,PT21S,false,8732,122,102022
rx5rDMPSjnI,I Will Choose C),,2024-04-23T21:21:52Z,24,PT27S,false,5025,68,88497
kWrtyD5zkZk,A Quick Talk With President Donald Trump,"A dream come true.

https://mataneven.org

Twitter: ‚Å†https://twitter.com/mataneven
Instagram: https://www.instagram.com/matanevenoff/
TikTok: ‚Å†https://www.tiktok.com/@mataneven
YouTube: youtube.com/@matanevenoff‚Å†
Discord: https://discord.gg/matan-university-1055196556875280384

All Inquiries: matan@presentm.com",2023-03-03T00:16:27Z,24,PT5M19S,false,6210,447,242412
